trait_id,label,section,body_system,sex,pin,why
MONDO_0005010,Coronary artery disease,health,heart,,,
MONDO_0004981,Atrial fibrillation,health,heart,,,
HP_0000822,High blood pressure,health,blood_vessels,,,
EFO_0004611,LDL cholesterol,health,blood_vessels,,,
EFO_0006925,Lipoprotein(a),health,blood_vessels,,,
MONDO_0005399,Venous thromboembolism (blood clots),health,blood_vessels,,,
MONDO_0005098,Stroke,health,brain,,,
MONDO_0005148,Type 2 diabetes,health,metabolism,,,
MONDO_0005147,Type 1 diabetes,health,immune,,,
MONDO_0005393,Gout,health,joints,,,
MONDO_0005300,Chronic kidney disease,health,kidneys,,,
EFO_0004713,Lung function (FEV1/FVC),health,lungs,,,
HP_0002099,Asthma,health,lungs,,,
MONDO_0005265,Inflammatory bowel disease,health,gut,,,
MONDO_0005130,Coeliac disease,health,gut,,,
MONDO_0005083,Psoriasis,health,skin,,,
MONDO_0004980,Atopic eczema,health,skin,,,
MONDO_0008383,Rheumatoid arthritis,health,joints,,,
MONDO_0005416,Knee osteoarthritis,health,joints,,,
MONDO_0005301,Multiple sclerosis,health,brain,,PGS002726,"The rule's top picks come from one paper that split the genome into an HLA-only score (12 variants) and a non-HLA score; the HLA region carries the largest single genetic effect on MS, so a whole-genome score is the fairer single summary."
MONDO_0005041,Glaucoma,health,eyes,,,
MONDO_0005150,Age-related macular degeneration,health,eyes,,PGS004606,"The rule's pick is the same paper's score trained in African-ancestry samples; this is its European-trained twin with the same evaluation. Swap if your Ancestry section shows a different closest population."
MONDO_0004989,Breast cancer,health,breast,F,,
MONDO_0005159,Prostate cancer,health,prostate,M,,
MONDO_0005575,Colorectal cancer,health,gut,,,
MONDO_0005105,Melanoma,health,skin,,,
MONDO_0004975,Alzheimer's disease,brain,brain,,,
MONDO_0005180,Parkinson's disease,brain,brain,,,
MONDO_0005277,Migraine,brain,brain,,,
MONDO_0007743,ADHD,brain,brain,,,
MONDO_0005258,Autism,brain,brain,,,
MONDO_0005090,Schizophrenia,brain,brain,,,
MONDO_0004985,Bipolar disorder,brain,brain,,,
MONDO_0002009,Major depression,brain,brain,,,
EFO_0007876,Insomnia,brain,brain,,,
EFO_0008328,Morning person (chronotype),brain,brain,,,
EFO_0011015,Educational attainment,brain,brain,,,
EFO_0004337,Intelligence test score,brain,brain,,,
OBA_VT0001253,Height,traits,bones,,,
EFO_0004340,Body mass index,traits,metabolism,,,
EFO_0009270,Bone mineral density,traits,bones,,,
EFO_0006941,Grip strength,traits,muscles,,,
EFO_0007825,Male-pattern baldness,traits,hair,M,,
HP_0000545,Short-sightedness (myopia),traits,eyes,,,
OBA_1000968,Vitamin D level,traits,metabolism,,,
